Param,Factor,Total,KendallTau,TrendPatternPreserved,Act_LATE_ROTATION,Act_LOW_BRAKE_EFFICIENCY,Act_POOR_TRAIL_BRAKING,Act_EXIT_SPEED_LEGACY,Act_BRAKING_POINT_MISMATCH,Act_OVER_BRAKING_PEAK,Act_ENTRY_OVER_SLOW,Act_AGGRESSIVE_UNSTABLE_BRAKE,Act_STEER_EFFICIENCY,Act_ROTATION_INEFFICIENT,Act_LATE_THROTTLE_LOW_SPEED,Act_THROTTLE_STEER_CONFLICT
MRP_DT,0.5,1978,1.0,True,367.0,,,,,,,,,,,
MRP_DT,0.75,1972,1.0,True,361.0,,,,,,,,,,,
MRP_DT,1.0,1944,1.0,True,333.0,,,,,,,,,,,
MRP_DT,1.25,1937,1.0,True,326.0,,,,,,,,,,,
MRP_DT,1.5,1926,1.0,True,315.0,,,,,,,,,,,
BRAKE_EFF_RATIO,0.5,2000,0.879,True,,160.0,,,,,,,,,,
BRAKE_EFF_RATIO,0.75,1969,0.939,True,,129.0,,,,,,,,,,
BRAKE_EFF_RATIO,1.0,1944,1.0,True,,104.0,,,,,,,,,,
BRAKE_EFF_RATIO,1.25,1935,0.97,True,,95.0,,,,,,,,,,
BRAKE_EFF_RATIO,1.5,1926,0.97,True,,86.0,,,,,,,,,,
TRAIL_RATIO,0.5,1972,0.939,True,,,126.0,,,,,,,,,
TRAIL_RATIO,0.75,1955,0.97,True,,,109.0,,,,,,,,,
TRAIL_RATIO,1.0,1944,1.0,True,,,98.0,,,,,,,,,
TRAIL_RATIO,1.25,1938,1.0,True,,,92.0,,,,,,,,,
TRAIL_RATIO,1.5,1923,0.97,True,,,77.0,,,,,,,,,
LEGACY_DV,0.5,1997,0.939,True,,,,209.0,,,,,,,,
LEGACY_DV,0.75,1965,0.939,True,,,,177.0,,,,,,,,
LEGACY_DV,1.0,1944,1.0,True,,,,156.0,,,,,,,,
LEGACY_DV,1.25,1926,1.0,True,,,,138.0,,,,,,,,
LEGACY_DV,1.5,1909,0.939,True,,,,121.0,,,,,,,,
LEGACY_BRAKE_GATE,0.5,1944,1.0,True,,,,156.0,,,,,,,,
LEGACY_BRAKE_GATE,0.75,1944,1.0,True,,,,156.0,,,,,,,,
LEGACY_BRAKE_GATE,1.0,1944,1.0,True,,,,156.0,,,,,,,,
LEGACY_BRAKE_GATE,1.25,1944,1.0,True,,,,156.0,,,,,,,,
LEGACY_BRAKE_GATE,1.5,1944,1.0,True,,,,156.0,,,,,,,,
BRAKE_DIST_TOL,0.5,2022,0.818,True,,,,,160.0,,,,,,,
BRAKE_DIST_TOL,0.75,1964,0.97,True,,,,,102.0,,,,,,,
BRAKE_DIST_TOL,1.0,1944,1.0,True,,,,,82.0,,,,,,,
BRAKE_DIST_TOL,1.25,1919,1.0,True,,,,,57.0,,,,,,,
BRAKE_DIST_TOL,1.5,1911,1.0,True,,,,,49.0,,,,,,,
OVERBRAKE_DELTA,0.5,1944,1.0,True,,,,,,227.0,,,,,,
OVERBRAKE_DELTA,0.75,1944,1.0,True,,,,,,227.0,,,,,,
OVERBRAKE_DELTA,1.0,1944,1.0,True,,,,,,227.0,,,,,,
OVERBRAKE_DELTA,1.25,1941,1.0,True,,,,,,224.0,,,,,,
OVERBRAKE_DELTA,1.5,1941,1.0,True,,,,,,224.0,,,,,,
ENTRY_SLOW_REL,0.5,1975,1.0,True,,,,,,,267.0,,,,,
ENTRY_SLOW_REL,0.75,1957,1.0,True,,,,,,,249.0,,,,,
ENTRY_SLOW_REL,1.0,1944,1.0,True,,,,,,,236.0,,,,,
ENTRY_SLOW_REL,1.25,1937,1.0,True,,,,,,,229.0,,,,,
ENTRY_SLOW_REL,1.5,1924,0.97,True,,,,,,,216.0,,,,,
ENTRY_BRAKE_GATE,0.5,1946,1.0,True,,,,,,,238.0,,,,,
ENTRY_BRAKE_GATE,0.75,1945,1.0,True,,,,,,,237.0,,,,,
ENTRY_BRAKE_GATE,1.0,1944,1.0,True,,,,,,,236.0,,,,,
ENTRY_BRAKE_GATE,1.25,1943,1.0,True,,,,,,,235.0,,,,,
ENTRY_BRAKE_GATE,1.5,1942,1.0,True,,,,,,,234.0,,,,,
RAMP_RATIO,0.5,1952,1.0,True,,,,,,,,123.0,,,,
RAMP_RATIO,0.75,1947,1.0,True,,,,,,,,118.0,,,,
RAMP_RATIO,1.0,1944,1.0,True,,,,,,,,115.0,,,,
RAMP_RATIO,1.25,1941,1.0,True,,,,,,,,112.0,,,,
RAMP_RATIO,1.5,1937,1.0,True,,,,,,,,108.0,,,,
CONS_RATIO,0.5,1945,1.0,True,,,,,,,,116.0,,,,
CONS_RATIO,0.75,1944,1.0,True,,,,,,,,115.0,,,,
CONS_RATIO,1.0,1944,1.0,True,,,,,,,,115.0,,,,
CONS_RATIO,1.25,1943,1.0,True,,,,,,,,114.0,,,,
CONS_RATIO,1.5,1942,1.0,True,,,,,,,,113.0,,,,
STEER_RMS_RATIO,0.5,2001,0.97,True,,,,,,,,,219.0,,,
STEER_RMS_RATIO,0.75,1963,0.97,True,,,,,,,,,181.0,,,
STEER_RMS_RATIO,1.0,1944,1.0,True,,,,,,,,,162.0,,,
STEER_RMS_RATIO,1.25,1923,0.97,True,,,,,,,,,141.0,,,
STEER_RMS_RATIO,1.5,1905,0.909,True,,,,,,,,,123.0,,,
ROTEFF_DIFF,0.5,1962,1.0,True,,,,,,,,,,150.0,,
ROTEFF_DIFF,0.75,1954,1.0,True,,,,,,,,,,142.0,,
ROTEFF_DIFF,1.0,1944,1.0,True,,,,,,,,,,132.0,,
ROTEFF_DIFF,1.25,1939,0.97,True,,,,,,,,,,127.0,,
ROTEFF_DIFF,1.5,1932,0.97,True,,,,,,,,,,120.0,,
VMIN_RATIO,0.5,1959,1.0,True,,,,,,,,,,147.0,,
VMIN_RATIO,0.75,1947,1.0,True,,,,,,,,,,135.0,,
VMIN_RATIO,1.0,1944,1.0,True,,,,,,,,,,132.0,,
VMIN_RATIO,1.25,1932,0.97,True,,,,,,,,,,120.0,,
VMIN_RATIO,1.5,1915,0.909,True,,,,,,,,,,103.0,,
SMOOTH_RATIO,0.5,1961,1.0,True,,,,,,,,,,,188.0,
SMOOTH_RATIO,0.75,1953,1.0,True,,,,,,,,,,,180.0,
SMOOTH_RATIO,1.0,1944,1.0,True,,,,,,,,,,,171.0,
SMOOTH_RATIO,1.25,1933,0.97,True,,,,,,,,,,,160.0,
SMOOTH_RATIO,1.5,1920,0.939,True,,,,,,,,,,,147.0,
EXIT_DV,0.5,1958,1.0,True,,,,,,,,,,,185.0,
EXIT_DV,0.75,1954,1.0,True,,,,,,,,,,,181.0,
EXIT_DV,1.0,1944,1.0,True,,,,,,,,,,,171.0,
EXIT_DV,1.25,1940,1.0,True,,,,,,,,,,,167.0,
EXIT_DV,1.5,1938,1.0,True,,,,,,,,,,,165.0,
CONFLICT_RATIO,0.5,1989,0.879,True,,,,,,,,,,,,173.0
CONFLICT_RATIO,0.75,1966,0.97,True,,,,,,,,,,,,150.0
CONFLICT_RATIO,1.0,1944,1.0,True,,,,,,,,,,,,128.0
CONFLICT_RATIO,1.25,1922,0.97,True,,,,,,,,,,,,106.0
CONFLICT_RATIO,1.5,1908,0.909,True,,,,,,,,,,,,92.0
